title,start_date,start_time,end_date,end_time,description,url,virtual,location_city,scrape_source,scrape_datetime,in_canada,open_to_public
"February 14th Women’s Memorial March Honouring Missing and Murdered Indigenous Women, Girls, and Two-Spirit Peoples (MMIWG2S+)",2024-02-14,00:00:00-05:00,2024-02-14,00:00:00-05:00,"On February 14, communities across Canada will hold Women’s Memorial Marches to remember and honour missing and murdered Indigenous women, girls and two-spirit people. Show your support and solidarity by participating in a march in your area.",https://canadianlabour.ca/events/february-14th-womens-memorial-march-honouring-missing-and-murdered-indigenous-women-girls-and-two-spirit-peoples-mmiwg2s-2/,False,Montreal,https://canadianlabour.ca/events/,2024-09-15 17:23:45.407184-04:00,True,True
CIFAR Virtual Talks: AI agents among us: causality and reinforcement learning,2023-03-23,12:00:00-04:00,2023-03-23,13:00:00-04:00,"How can AI systems become better at planning, reasoning, making decisions, and adapting to their digital environments? This event is free and open to the public.",https://events.cifar.ca/ereg/newreg.php?eventid=732344&,True,Montreal,https://cifar.ca/public-events/,2024-09-15 17:26:53.923019-04:00,True,True
CIFAR Virtual Talks: Life in the deep biosphere,2023-02-01,12:00:00-05:00,2023-02-01,12:45:00-05:00,Join us for a fascinating interdisciplinary discussion between CIFAR fellows Jason E. Stajich and Magdalena Osburn about life in the deep biosphere. This event is free and open to the public.,https://cifar.zoom.us/webinar/register/WN_uQaiNPraTLmjagu6nnaRJQ,True,online,https://cifar.ca/public-events/,2024-09-15 17:26:53.923019-04:00,True,True
Watch CIFAR Virtual Talks: Unhackable: The future of quantum computing and cybersecurity,2022-06-09,10:00:00-04:00,2022-06-09,10:30:00-04:00,"Free, and open to the public, join us as we bring high-impact research from CIFAR’s fellows, chairs, scholars and advisors to the forefront. This event discusses how quantum algorithms can be used to solve emerging problems in cybersecurity and quantum computing.",https://cifar.ca/events/unhackable-the-future-of-quantum-computing-and-cybersecurity/,True,online,https://cifar.ca/public-events/,2024-09-15 17:26:53.923019-04:00,True,True
CIFAR Virtual Talks: Superconductors: the next tech superstar?,2022-05-17,13:00:00-04:00,2022-05-17,13:30:00-04:00,"Free, and open to the public, join us as we bring high-impact research from CIFAR’s fellows, chairs, scholars and advisors to the forefront. Join us for an exciting discussion with Quantum Materials members Pablo Jarillo-Herrero and Alannah Hallas on harnessing superconductivity for future applications.",https://cifar.zoom.us/webinar/register/WN_MFm80aIQTlmkfMVTN_Qq_g,True,online,https://cifar.ca/public-events/,2024-09-15 17:26:53.923019-04:00,True,True
CIFAR Virtual Talks: Do robots help us live better lives?,2022-04-27,,2022-04-27,,"Free, and open to the public, join us as we bring high-impact research from CIFAR’s fellows, chairs, scholars and advisors to the forefront. As artificially intelligent robots become more advanced – how can they be used to help us live better lives?",https://cifar.zoom.us/webinar/register/WN_0qG_oAzZQc6g5bmBiVB71w,True,online,https://cifar.ca/public-events/,2024-09-15 17:26:53.923019-04:00,True,True
Watch CIFAR Virtual Talks: How do we get to net-zero?,2022-03-15,13:00:00-05:00,2022-03-15,13:30:00-05:00,"Free, and open to the public, join us as we bring high-impact research from CIFAR’s fellows, chairs, scholars and advisors to the forefront.",https://cifar.zoom.us/webinar/register/WN_O735Zun8Swy58eG1a6tXYg,True,online,https://cifar.ca/public-events/,2024-09-15 17:26:53.923019-04:00,True,True
Watch CIFAR Virtual Talks: What actually killed the dinosaurs?,2022-02-23,14:30:00-05:00,2022-02-23,15:00:00-05:00,"Free, and open to the public, join us as we bring high-impact research from CIFAR’s fellows, chairs, scholars and advisors to the forefront. The culprit for the dinosaurs’ demise 65 million years ago may not have been a catastrophic meteor, but something much, much smaller: fungi.",https://cifar.zoom.us/webinar/register/WN_4LldLeXpQfuOLkF-dhQdmA,True,online,https://cifar.ca/public-events/,2024-09-15 17:26:53.923019-04:00,True,True
Watch Now: The Economist & CIFAR Special Event: How Science Can Save the World,2021-05-18,09:30:00-04:00,2021-05-18,10:30:00-04:00,"Join CIFAR for a special public event in partnership with The Economist: How Science Can Save the World. Scientific discovery has lengthened life expectancies, fed the world and taught humanity about our planet and the universe that surrounds it. Scientific methods are also to thank for the unprecedented speed with which Covid-19 vaccines have been developed.",https://event.on24.com/wcc/r/3059896/35FEC935B0602A90FA593B6D8AF33551,True,,https://cifar.ca/public-events/,2024-09-15 17:26:53.923019-04:00,True,True
2024 Canada Youth Internet Governance Forum,2024-09-27,09:30:00-04:00,2024-09-27,17:30:00-04:00,Free in person and virtual full day event discussing the most pressing Internet governance topics in Canada from a youth perspective.,https://www.eventbrite.ca/e/2024-canada-youth-internet-governance-forum-tickets-978631040787,True,Toronto,https://dais.ca/talks/,2024-09-15 17:33:33.181501-04:00,True,True
Democracy has its day in America: U.S. Ambassador David Cohen at TMU,2024-10-09,,2024-10-09,,"On the eve of a dramatic presidential election on Nov. 5, U.S. Ambassador to Canada David Cohen will discuss bilateral ties and share an American perspective on how Canadians view the U.S. This free event is open to all students and the general public, with advance registration required.",https://www.eventbrite.ca/e/democracy-has-its-day-in-america-us-ambassador-david-cohen-at-tmu-tickets-1009236101347,False,Toronto,https://dais.ca/talks/,2024-09-15 17:33:33.181501-04:00,True,True
Self-study courses,,,,,Courses with freely available materials for independent learning.,https://www.aisafety.com/courses,True,,https://www.aisafety.com/events-and-training,2024-09-15 17:40:13.556984-04:00,True,True
AI & Warfare - What are the critical questions?,2024-04-24,12:15:00-04:00,2024-04-24,13:00:00-04:00,Join Ask AI podcast host Melissa Kargiannakis for this free online event that will feature an open and interactive discussion about the implications of using artificial intelligence technology in warfare.,https://www.askai.org/event-details/ai-warfare,True,online,https://www.askai.org/events,2024-09-15 17:42:35.242777-04:00,True,True
Evolving U.S. Media Perceptions of Canada in a Changing World: How our neighbours to the south see their neighbors to the north,2023-09-27,15:30:00-04:00,2023-09-27,17:30:00-04:00,"A panel discussion among Canada-based journalists writing for U.S. media news outlets. This event is free, but registration is required.",https://www.eventbrite.com/e/evolving-us-media-perceptions-of-canada-in-a-changing-world-tickets-703381933297,False,Montreal,https://www.mediatechdemocracy.com/events,2024-09-15 17:45:54.576300-04:00,True,True
An Overview of the Frontier AI Labs,2024-10-10,,2024-10-10,,"What are the different frontier AI labs' attitudes towards safety? What kinds of safety agenda (if any) are they prioritizing? Annie will guide us. We welcome a variety of backgrounds, opinions and experience levels.",https://www.meetup.com/toronto-ai-aligners/events/303101726/?eventOrigin=group_events_list,False,Toronto,https://www.meetup.com/toronto-ai-aligners/events/,2024-09-15 17:47:57.220066-04:00,True,True
Round table Politics in the age of artificial intelligence,2024-05-22,16:30:00-04:00,2024-05-22,18:30:00-04:00,The Politics in the Age of Artificial Intelligence round table is for those passionate about the use of AI in politics. This discussion promises to spark lively debate between guest panelists and will be presented free of charge.,https://www.obvia.ca/en/events/round-table-politics-age-artificial-intelligence,False,Quebec,https://www.obvia.ca/en/events,2024-09-15 17:50:02.890898-04:00,True,True
